<?xml version="1.0" encoding="UTF-8"?>
<project-private xmlns="http://www.netbeans.org/ns/project-private/1">
    <editor-bookmarks xmlns="http://www.netbeans.org/ns/editor-bookmarks/2" lastBookmarkId="0"/>
    <open-files xmlns="http://www.netbeans.org/ns/projectui-open-files/2">
        <group>
            <file>file:/C:/Users/Asus/Downloads/javaEE/SpriteEE/SpriteEE/SpriteEE-war/web/index.xhtml</file>
            <file>file:/C:/Users/Asus/Downloads/javaEE/SpriteEE/SpriteEE/SpriteEE-war/src/java/kuku/SpriteController.java</file>
            <file>file:/C:/Users/Asus/Downloads/javaEE/SpriteEE/SpriteEE/SpriteEE-war/web/sprite/Create.xhtml</file>
            <file>file:/C:/Users/Asus/Downloads/javaEE/SpriteEE/SpriteEE/SpriteEE-war/src/conf/persistence.xml</file>
            <file>file:/C:/Users/Asus/Downloads/javaEE/SpriteEE/SpriteEE/SpriteEE-war/src/java/service/SpriteFacadeREST.java</file>
            <file>file:/C:/Users/Asus/Downloads/javaEE/SpriteEE/SpriteEE/SpriteEE-war/src/java/kuku/util/ColorConverter.java</file>
        </group>
    </open-files>
</project-private>
